MSE,RMSE,MAE,MAPE,sMAPE,MASE
6.0041206272853355e-05,0.007748626089369222,0.005290980816075965,346.1943630863769,136.04703053260755,0.6387204791139016
